district,latitude,longitude,climatic_zone
Ampara,7.2912,81.6724,Dry
Anuradhapura,8.3114,80.4037,Dry
Badulla,6.9934,81.055,Intermediate
Batticaloa,7.731,81.6747,Dry
Colombo,6.9271,79.8612,Wet
Galle,6.0535,80.221,Wet
Gampaha,7.084,79.9942,Wet
Hambantota,6.1429,81.1212,Dry
Jaffna,9.6615,80.0255,Dry
Kalutara,6.5854,79.9607,Wet
Kandy,7.2906,80.6337,Wet
Kegalle,7.2513,80.3464,Wet
Kilinochchi,9.3803,80.377,Dry
Kurunegala,7.4818,80.3609,Intermediate
Mannar,8.981,79.9044,Dry
Matale,7.4675,80.6234,Intermediate
Matara,5.9549,80.555,Wet
Monaragala,6.8714,81.3487,Intermediate
Mullaitivu,9.2671,80.8142,Dry
Nuwara Eliya,6.9497,80.7891,Wet
Polonnaruwa,7.9403,81.0188,Dry
Puttalam,8.0408,79.8394,Dry
Ratnapura,6.7056,80.3847,Wet
Trincomalee,8.5874,81.2152,Dry
Vavuniya,8.7542,80.4982,Dry
